Id,classified_digit
16275,3
19204,6
18518,9
25780,5
16228,6
15824,5
29252,6
28482,0
13779,0
25912,1
27141,7
21848,1
32576,5
7975,7
10594,8
37445,1
12928,1
2747,5
6658,9
8966,6
27285,9
27168,2
33026,2
26359,8
18329,4
6623,6
19953,2
31415,5
11334,4
19135,4
9637,8
10254,2
21318,8
37471,9
23542,3
24104,8
13930,9
27699,5
30185,2
36378,7
40943,6
6245,3
937,1
14852,7
32650,9
23575,7
22215,4
2154,2
24158,5
16845,0
17620,0
30815,3
37887,3
29680,8
24301,5
28005,1
20276,3
25202,1
28566,3
29213,5
24790,4
7690,6
29865,4
6295,7
16741,8
2288,2
40475,4
29973,8
20414,1
3157,2
11547,0
4725,0
15142,6
37172,5
12301,7
40348,0
41327,9
3415,1
38267,9
41693,2
33140,0
2980,4
19199,3
4891,3
26964,2
28664,8
2794,7
37670,6
20224,5
15759,8
31875,7
33676,9
14105,2
24247,8
1026,8
5374,4
8461,9
37614,1
701,5
38132,1
20254,6
7835,5
24311,7
38656,9
1867,1
21233,2
31121,9
8073,4
23484,0
37768,4
40732,5
4430,8
41268,1
22715,3
3294,1
17130,7
271,2
39011,5
27770,7
17841,3
14990,3
35656,7
26845,5
32379,0
8706,9
41577,3
13241,6
5112,6
21106,3
30577,3
2107,5
18937,0
13967,9
32088,2
22756,6
21391,0
17693,4
17671,3
19278,1
31005,7
14519,4
777,1
3336,1
9644,9
20655,8
29719,6
20685,3
37373,7
33498,0
23004,4
36281,7
32116,3
25487,9
37240,1
695,7
39993,3
28069,1
31801,5
2140,0
16092,9
34367,9
4786,1
39917,7
38436,2
31792,1
6614,1
13069,5
4664,1
2958,5
33329,6
15414,9
25990,8
5959,3
16686,4
30467,3
12066,7
26432,6
29457,4
19270,9
19826,1
362,6
27198,4
8359,4
16822,3
29135,7
24766,2
4572,9
20453,3
24326,1
12727,1
38688,5
31626,7
20889,0
33215,0
1007,5
11551,1
16163,8
9004,6
32064,2
15935,9
24302,8
29452,5
19638,3
32153,7
11740,2
12146,6
32704,9
36366,5
35946,0
33052,3
25075,3
17167,2
25486,8
12679,6
5111,1
4139,7
29817,9
3481,8
37605,8
28812,9
41608,1
38729,4
23749,0
5920,1
17376,4
10009,1
3100,5
19966,2
6016,5
33575,0
1300,9
14894,2
29301,3
31594,9
13942,1
8513,4
17139,7
33423,0
12269,0
16797,5
19494,6
2337,0
6682,1
1787,5
28892,7
38025,7
36403,2
24585,4
39049,2
4402,1
29845,5
11300,6
27103,8
9211,2
41128,9
15379,1
28324,6
29079,1
35267,5
30939,6
35000,2
25916,2
41496,4
40322,0
18836,4
17186,9
21775,5
13336,4
39272,9
36069,6
5543,6
14130,4
40097,9
7040,4
41680,8
35757,7
21581,4
1448,4
11886,2
17001,4
40781,8
39445,8
16046,6
19545,8
29056,6
1976,1
31791,2
29218,7
2657,3
22112,1
41394,7
22938,8
41357,4
41032,1
322,0
34275,7
13717,2
4888,0
11190,6
17426,5
38601,5
2788,0
19757,7
7685,6
38234,5
21930,0
41006,3
22982,7
6093,4
33586,7
38524,5
28826,9
15788,1
37232,9
38371,7
29440,3
34500,6
34499,9
17106,5
8348,3
38102,0
34462,1
9379,7
34355,1
20960,2
31547,5
16745,6
16224,6
20420,1
19923,0
16966,3
32519,3
35781,5
28487,6
35721,7
24831,2
24086,4
1166,7
11706,9
6338,1
1136,8
26100,7
28702,0
353,2
19618,1
22183,9
2728,5
41326,5
32943,6
38098,9
37074,6
14358,5
27609,8
34301,6
28891,8
17952,9
30096,8
41151,4
7251,4
30661,3
16974,4
27874,2
29858,0
24075,8
11455,1
2924,5
393,7
14975,5
17273,3
5663,0
11360,3
2004,5
3942,0
15252,4
21964,7
9897,4
29792,8
7126,1
13253,6
9020,3
28998,7
27568,3
38951,2
29221,7
35581,5
17457,6
20050,4
21324,1
20447,6
18320,3
36109,2
8707,7
39713,0
40851,4
2698,0
39473,6
2450,5
37067,8
20689,6
15827,3
2533,4
21330,6
28573,1
39859,2
30088,9
17793,0
6205,3
39241,5
28621,8
17459,3
33689,0
16427,0
20499,6
13019,4
11579,5
36602,1
36043,0
22247,0
15113,6
8077,3
19962,8
14725,3
16252,4
12825,1
17440,0
13136,4
17738,1
16872,6
21282,0
28862,8
31217,5
32872,6
29006,6
15623,3
31379,1
13262,9
13526,3
19189,3
38330,8
23862,4
5224,7
11959,8
11609,5
38354,8
26217,2
34713,0
34137,3
14054,1
14968,5
8671,4
32132,3
1244,4
33010,3
35653,3
26929,7
15635,9
38830,9
19109,0
829,1
27417,4
12549,4
11581,4
8035,1
33053,5
4432,0
18206,7
17853,7
27491,7
25742,2
36693,9
38878,6
6785,1
15394,4
3719,4
4415,5
23270,1
35286,7
4855,3
30094,6
8261,4
8405,7
12737,0
27680,1
8157,3
22212,7
30430,7
6794,8
27935,5
18719,7
24555,5
11567,3
4476,4
21418,9
28530,0
17247,7
40459,9
28155,1
33923,7
32406,5
41155,3
11550,0
23266,8
38470,6
15740,2
20988,8
20252,8
22850,8
9562,3
16338,3
41274,3
40436,0
35084,4
19014,4
24120,8
41275,1
5910,8
36680,1
22592,0
13916,3
28248,6
40742,4
14179,0
40317,4
9825,7
5605,0
38892,9
3302,1
7332,7
8524,5
33336,1
38539,8
21817,7
10452,6
3769,7
24636,7
38904,1
26638,5
18540,1
2413,6
24320,8
18841,1
5706,3
38051,0
29507,7
1074,5
21492,0
20504,1
41324,4
426,1
4183,8
21416,0
10220,0
21304,2
37682,4
32780,2
26558,7
11785,0
17217,2
39192,3
39034,4
24583,2
21111,1
23182,2
40445,4
20629,9
38346,1
23991,8
4318,5
7673,2
26697,5
12142,1
16352,2
30050,7
33321,4
25967,4
33510,6
20900,2
31874,0
29446,7
29541,2
463,2
23923,8
40867,8
32573,1
29707,0
21438,5
37547,1
17205,9
21211,0
39766,5
25465,9
30279,8
11726,3
39768,1
41578,7
32646,3
23234,1
17581,8
20524,2
5551,3
6318,5
37529,0
1704,6
31707,7
1446,1
25991,2
30681,3
6582,2
32894,8
37526,1
37391,0
32749,2
10892,4
35497,9
29804,5
24322,7
18319,6
5930,1
14515,3
10930,3
10443,4
31899,1
8059,2
6722,0
21620,6
6557,6
16875,4
23502,6
26581,0
15423,7
38143,0
2807,4
31865,6
23631,6
18,7
22037,6
5391,6
21084,1
17653,3
7716,8
11089,2
40077,0
4084,4
9593,3
31247,6
30789,2
36656,4
28795,4
37753,0
37911,5
10826,8
22077,3
4761,0
33331,9
12400,4
17668,5
19780,1
9533,1
14234,6
26707,3
27411,3
22727,6
31515,4
22781,4
16835,0
34059,5
134,1
17035,5
32829,3
19092,2
26000,1
15514,1
9550,3
5943,7
25721,0
18280,0
382,4
18054,0
24714,0
31513,4
34957,9
21851,3
3675,3
18723,8
25492,3
41664,8
12499,8
10048,8
34391,2
36025,2
7958,8
30909,9
5627,4
35438,7
36327,5
38797,5
38947,9
13804,2
20896,6
154,8
39053,0
30530,3
27336,3
17296,3
26719,9
4102,6
21085,5
38126,9
5262,2
21574,3
14699,3
16930,6
12509,9
30739,3
27580,7
36855,1
1802,2
17543,6
2134,0
28375,5
4481,6
41841,8
25976,9
16489,6
38302,3
9511,8
26797,6
40261,0
36604,8
40570,9
33252,8
17366,3
14811,8
12835,7
32135,0
20321,5
4810,5
14738,3
38035,8
38557,7
26402,3
24732,3
32977,1
25126,4
25071,9
882,4
19846,4
37295,8
18069,6
17721,5
31400,7
17082,4
30012,7
29308,3
37889,3
22470,3
13761,7
32280,7
12001,3
22703,7
17448,5
20506,1
39775,5
11919,9
3085,7
13905,7
10916,6
30363,8
25588,7
2565,3
9472,6
10314,8
11102,8
27854,1
8002,6
2396,5
7365,3
10588,6
8316,4
16273,7
32484,5
37545,4
737,5
41334,2
35070,4
8946,6
7731,5
15459,2
21901,7
9137,5
16108,3
15953,5
9096,7
40737,1
40154,6
36497,3
10534,3
12862,5
36261,3
40467,9
41323,2
34535,5
37776,2
31639,5
25728,5
34426,3
34642,9
20353,6
2369,0
20413,7
413,2
40834,1
31016,7
913,2
1578,4
37170,3
38942,8
37835,2
29621,4
2495,2
14230,3
25286,7
31034,3
13755,6
19560,2
12767,4
35937,0
39793,5
27516,3
24381,9
3672,5
14518,0
25781,1
33824,3
14055,8
12033,6
23751,1
19643,1
10626,5
8713,2
5886,0
20001,0
14773,9
40202,3
41160,2
13052,0
8122,3
14764,7
36825,8
9971,2
35409,4
36042,6
39572,8
9313,0
40651,8
24273,3
20806,7
40762,7
187,9
35935,1
22039,4
13066,8
12394,1
14530,4
20720,0
27926,8
16959,9
13929,1
34750,3
26011,9
2939,6
4334,4
3153,4
11003,8
21075,6
7112,1
35592,0
8714,1
30226,9
21058,9
30831,3
6610,1
36044,6
18798,4
1067,4
28318,2
22235,2
19786,2
19654,9
9138,3
35401,3
28807,9
32783,6
38188,8
31690,4
26573,5
15754,4
31218,2
36285,9
4138,8
9005,1
20007,4
6409,5
39264,6
1984,8
2162,4
23876,7
5225,1
40135,4
35008,4
25128,2
1584,2
9351,9
3512,6
10488,8
10685,6
11525,3
25014,2
23210,3
9269,6
24819,9
11140,1
6085,8
26948,6
40700,9
8046,7
5689,9
13963,9
41052,9
17258,9
40708,5
2503,4
21351,5
32971,5
31920,0
39043,9
13130,5
41580,7
37477,7
32725,0
25469,0
7311,0
794,2
19925,8
34291,4
4861,7
31472,5
6902,0
5063,8
23897,2
16990,0
40818,6
5757,3
18217,0
41721,6
30731,4
15573,9
9914,5
26631,0
38673,1
35086,0
16486,2
3411,2
29581,1
5953,6
2414,7
3103,0
30951,0
7799,4
33264,6
32253,2
27748,2
23413,7
40483,3
22426,8
8858,9
19944,8
40539,7
19225,1
6392,3
5459,0
14604,8
22862,0
33120,8
759,2
35446,7
16011,9
34067,8
11024,1
18138,0
31964,5
752,5
13170,3
21328,5
2581,8
10235,0
11599,5
27526,9
28097,9
41349,2
30929,4
34522,9
22187,8
10101,8
6218,2
1977,1
6289,2
29364,7
14367,1
33561,5
39889,7
31641,8
31116,3
33876,1
40596,8
24098,0
39613,2
41924,4
29633,1
6771,3
23576,4
20341,8
7647,6
23021,7
16208,5
21686,7
35594,9
34250,5
17312,0
25693,2
24787,8
24568,7
38017,7
3283,9
27880,2
18833,2
8320,5
10908,1
40183,6
19602,4
35549,8
24589,0
11686,2
27852,6
20090,6
11495,6
21660,1
10246,1
14683,9
9238,9
20419,3
15945,7
38783,4
35132,1
33418,1
17617,9
28870,4
10925,2
16175,6
16945,0
4172,1
30241,4
28618,1
7648,3
3004,7
6889,1
36897,1
16553,0
31424,4
33857,2
18365,7
34683,1
17116,7
23680,5
23656,8
18205,1
7283,0
25419,3
3850,2
10053,8
38294,0
27056,0
19267,6
27060,4
28404,6
32955,6
25822,2
38828,7
2570,7
32577,0
35771,7
8857,0
3858,7
16325,3
37826,0
7327,9
3440,4
13743,1
37398,5
14960,2
35049,6
15725,7
37428,1
28722,1
37662,4
38617,6
26643,0
22929,6
26038,4
24824,2
17404,7
20963,1
19245,9
19019,6
5423,5
4273,3
6376,6
18528,3
23294,9
12240,3
36799,8
37837,7
35009,5
40271,2
31961,2
858,8
30181,9
40955,1
28273,4
36355,8
18714,3
7556,1
20575,9
14681,5
25973,8
38928,4
41316,8
21153,9
9590,8
39788,6
33427,9
23415,1
8471,3
2907,9
12781,9
28531,4
23604,0
19368,8
29780,0
40089,6
33208,3
36494,2
25795,2
28715,1
3015,7
7143,3
10450,2
32493,2
21385,9
15652,8
32938,5
26140,7
6043,3
13206,4
35960,5
31608,4
1699,4
25656,6
17554,6
2251,1
17114,3
30275,4
7267,7
216,6
26922,2
1727,6
15345,2
17048,7
24774,7
10394,8
25831,5
19433,8
17237,7
34605,4
3011,6
2013,7
19553,1
30132,3
22634,7
18143,0
7764,4
2748,1
26736,6
14431,4
23426,3
15989,4
26472,7
14035,1
39647,8
29200,5
32446,6
30994,4
6534,4
4744,9
13580,0
32124,5
13673,5
38023,4
39860,4
27122,1
39746,0
19751,2
40170,7
37808,9
6491,4
28267,9
10165,7
35621,7
40203,9
31819,8
27226,4
30135,2
41984,3
7672,1
18961,0
8849,7
11301,6
2634,9
14867,1
8206,9
14025,6
27817,8
4326,2
4109,9
2319,8
10929,3
37490,1
30033,4
21464,9
35212,6
39333,6
10623,5
1897,6
10072,6
16482,4
27136,0
36179,2
8674,4
22543,9
2177,9
35616,5
1174,0
40275,9
38562,1
3760,1
12040,6
14417,0
11291,2
23643,3
17638,2
5322,2
15334,7
38756,2
14653,2
26786,2
20709,9
13228,5
15255,6
2971,9
6617,8
40438,2
845,8
27120,7
15192,7
14786,8
32445,6
18127,8
31631,1
4233,1
39244,6
40741,1
5203,2
13757,7
5016,6
40715,3
6110,0
13631,0
17481,9
17762,1
40581,5
34827,9
11359,3
14277,7
36690,2
25197,7
2719,1
9638,1
24577,3
11088,1
29317,1
27615,9
13398,8
5710,5
35531,7
23381,6
9621,3
41511,1
9408,4
20605,1
3395,5
39549,8
10397,2
6283,7
18287,8
35604,8
5049,4
2896,4
8173,4
35434,4
29916,9
26537,2
24441,6
15629,7
29960,0
89,6
9441,0
295,1
32702,1
13502,5
4065,8
20562,7
3861,5
5116,5
21134,2
36280,5
21258,0
13764,8
35213,6
7623,5
38108,4
24594,9
19228,1
5389,7
41856,7
242,7
24828,6
5367,3
20358,8
10537,2
1694,6
15240,6
11355,1
22585,4
32399,9
4513,9
10307,4
15477,4
7218,6
30506,6
16607,1
18223,4
38526,4
20672,1
3734,7
6803,6
19445,1
10847,6
38889,4
4129,0
13339,0
39242,5
5676,1
35189,0
1877,9
2674,6
8218,6
4672,9
25730,3
36711,8
35334,2
16823,9
30377,4
34285,3
19246,9
3211,7
262,9
12776,1
18625,0
28483,0
35154,7
5047,4
37843,8
19886,2
25647,2
16171,9
1369,7
17910,2
35726,1
30450,5
28839,8
15363,0
39159,4
18084,7
3474,1
29085,6
33616,2
31746,2
36067,9
6088,1
20451,2
1934,7
40914,5
38281,2
39774,3
35017,9
21443,3
10077,4
4981,6
18650,9
12661,5
32804,9
34435,5
21388,0
18908,6
17837,0
35319,4
28996,4
22604,7
36129,3
27462,1
23819,0
735,8
6980,9
37313,3
28009,8
15557,3
31677,4
6848,9
41571,0
34411,9
31447,1
5436,9
29739,8
20828,5
26574,9
3190,2
429,7
14551,4
16461,4
4640,7
15705,3
7139,5
9131,6
16217,9
12937,9
41668,1
3881,2
29609,1
24398,1
40375,9
37271,5
6619,5
12654,8
38425,7
31189,0
27994,6
4029,3
4287,6
10982,4
17077,2
4936,5
18436,2
10944,6
34687,2
14171,9
7155,5
862,8
40716,9
10429,1
3388,7
28673,2
4225,0
21626,2
38407,3
4048,4
2436,7
14946,3
15988,9
23669,3
30682,9
7007,0
24291,4
10028,7
39527,2
28769,4
30670,8
10373,1
20966,3
34892,1
24437,0
40639,4
41671,6
23311,2
5099,9
4925,3
12886,5
4877,8
38089,1
37018,8
30115,2
2616,2
29124,7
22765,1
1814,4
15342,3
4718,6
5087,3
4528,0
21853,7
33669,0
27372,1
35948,5
8484,1
2329,9
16719,1
16358,4
15497,4
19911,8
15802,5
37438,1
3590,9
14857,3
20172,5
21184,0
26465,9
6516,6
30970,5
10176,8
24847,9
20298,2
28056,6
10697,3
29677,2
14371,0
34699,2
10129,6
40124,7
11861,7
27714,3
30121,7
18533,6
33027,4
40462,1
41819,2
29645,4
3899,6
14460,7
32529,0
7441,3
12505,9
19987,1
40594,6
22590,4
7502,3
41037,6
19738,3
24634,4
32366,1
26645,7
8642,7
30178,2
9722,9
32195,5
23538,2
13954,4
961,7
3079,2
15336,0
19657,2
29515,1
25591,3
25677,7
26254,7
19194,4
1946,9
12833,4
7834,9
41177,2
34220,9
9720,4
30160,7
29657,1
41617,8
4516,6
15532,8
14862,8
16582,2
5096,1
533,5
8355,6
28897,4
18121,1
23080,2
36528,8
40760,3
39282,7
14003,7
16980,9
24744,1
16337,7
21419,3
3595,4
21459,5
28845,2
1992,1
36391,6
29342,2
9288,0
27664,9
31576,5
25911,1
10714,7
41453,9
309,4
17631,3
31242,1
39784,2
15458,2
23522,4
24252,7
14537,9
32592,8
41785,3
25432,9
6472,8
26147,2
16761,1
33973,7
7695,6
15131,8
16910,3
11271,8
20691,4
1442,7
7895,1
29805,7
11323,6
29988,3
13432,6
7454,7
15442,7
10951,5
1402,3
39156,3
3382,4
35266,7
41438,4
899,4
15098,7
8792,5
10291,0
25200,2
29920,9
9128,8
17409,7
6895,9
39807,2
35982,2
31596,0
27043,1
32351,2
32134,8
32233,7
22351,2
20346,5
15677,5
23691,1
13103,1
13723,3
3175,9
24759,9
26389,7
33241,7
33081,1
18118,0
37772,6
39411,1
28644,1
11893,5
3822,7
32053,5
30879,9
26446,2
11000,2
38548,1
1506,5
6925,5
34192,9
4832,0
17051,3
12599,9
16616,3
32952,3
20536,3
39238,2
24352,7
1990,4
6173,0
15485,2
39523,8
35222,9
37258,5
21512,8
34288,0
28519,1
9989,2
34607,7
11746,8
7867,0
41398,3
40625,9
38856,7
14776,4
30750,7
8172,9
38155,0
17535,8
27608,3
7020,2
40015,6
38297,1
16893,3
38718,3
4484,6
36200,0
24175,4
36024,7
14268,1
37005,9
18638,7
20587,8
7465,9
33721,7
16924,0
18996,0
27188,4
24646,9
32438,7
7256,0
24739,0
12887,0
31365,1
27165,5
10110,6
24617,4
6107,3
33794,6
34349,3
23878,6
34182,3
4429,7
17804,1
34674,9
37542,6
11766,9
4198,2
17835,8
11524,5
18703,8
1495,0
8855,7
32184,9
29580,0
12841,5
27468,5
38884,1
24222,7
17182,2
27796,8
2097,6
19702,5
7698,5
436,7
26283,5
30058,4
31404,1
40151,3
30023,7
25151,0
12818,3
28703,1
2711,4
31422,0
34493,7
21322,5
36400,6
26188,9
14188,4
19815,8
31952,4
36956,4
31428,2
31883,2
25145,2
17891,4
5360,9
27815,9
37199,2
15231,7
12700,1
25135,3
11732,1
19300,0
16318,2
40426,7
35848,2
29912,7
826,1
3014,4
21606,1
3686,9
30259,6
5235,8
26607,6
512,8
36601,9
1165,6
9727,5
36450,6
954,6
32432,7
23395,3
25571,0
28477,8
36795,5
38924,9
9859,7
4365,1
29526,4
26023,1
34581,5
16056,6
39475,5
26253,1
22899,3
20616,9
41206,5
40036,3
27202,6
1927,5
36615,7
19739,5
7768,1
11232,3
25649,1
13692,2
22469,1
10244,7
15029,6
39560,0
16710,4
40112,0
2044,9
12366,0
23043,6
23378,9
13433,8
19606,7
17564,0
32104,8
33284,2
29090,9
22193,6
39393,0
11611,4
39080,4
5438,4
39234,0
34385,7
2005,1
22520,4
11413,2
40279,0
10518,7
38077,5
30108,2
37593,2
11738,0
22463,7
32047,2
8923,8
10708,0
10272,9
39586,5
10087,6
36231,9
19178,6
24654,6
10581,9
9327,8
23408,9
3314,1
32756,3
8366,9
25230,3
11353,6
40476,0
35356,7
20679,8
34358,7
9247,3
8030,3
25424,1
27958,6
16406,3
15955,5
12994,0
17692,7
583,6
26470,6
33395,7
8328,8
39601,1
33489,3
703,4
28400,3
7121,5
32876,5
10114,1
1721,6
39022,4
2895,1
8339,4
13618,1
5769,1
28128,1
10481,5
4932,8
5161,6
4216,1
40896,3
33003,1
22370,0
29231,6
5347,1
6158,1
26115,0
40500,5
37332,2
27053,3
9715,7
6398,3
8793,5
36009,6
28368,1
17892,6
9553,3
40795,3
25448,8
27808,4
696,5
28265,8
28860,8
37571,5
1237,7
1523,5
3607,2
10903,8
40833,8
13004,0
30547,7
16977,3
4280,9
36769,6
15401,1
31165,3
26342,6
6185,0
17216,3
23463,1
18516,4
40847,9
4762,1
7789,1
31482,0
17311,0
6602,7
16483,3
25361,1
470,3
8928,1
1765,3
38879,3
39777,6
25088,0
6952,4
15274,3
41399,6
5268,6
8450,2
21642,7
690,4
25642,4
28443,0
406,8
16191,6
13677,9
17805,3
35645,3
22023,3
41044,2
20325,5
18548,5
4872,4
32727,1
13738,4
25826,6
10615,4
15851,2
10899,6
14796,1
27293,9
10666,6
38277,0
18478,1
27919,7
3432,5
18071,4
34216,3
2714,1
25334,4
1613,2
38183,2
32770,5
22015,3
41459,1
36439,0
23543,2
7961,4
9090,2
38865,5
15040,8
4056,2
10521,3
32488,3
40193,7
39595,7
7460,0
14954,2
36479,8
897,8
28360,7
15135,8
5944,7
6193,5
4347,3
5075,7
1831,4
19936,8
21253,1
20542,7
15244,4
19810,4
27771,8
15659,0
30704,6
35503,5
32495,7
39564,3
16085,2
32661,1
39752,9
27175,5
35027,5
34086,2
28868,8
18782,7
22442,6
20890,0
26832,9
31885,6
789,6
36570,4
38073,5
13391,2
17902,9
26887,5
19252,4
11984,8
28001,1
10062,2
8141,2
8053,5
12868,3
40599,0
10589,5
29536,5
15451,7
24469,8
14283,5
24883,0
4114,9
30727,2
37308,7
13635,0
24148,3
31133,4
38348,0
32609,9
21091,0
19817,7
41749,9
1792,5
14112,8
19941,6
14385,8
387,3
20206,7
36987,0
16479,1
39484,6
32728,1
5648,2
16697,5
39377,9
38963,7
2331,8
14483,6
30314,2
24463,8
25699,6
11283,9
8143,1
20714,7
26778,4
23056,8
40654,2
9849,1
31592,6
8874,7
18254,7
6826,2
9250,0
20653,7
18151,0
19248,2
17079,1
18991,1
13813,8
41122,5
25203,2
40498,7
13096,6
16484,5
32831,4
23762,1
36289,6
28604,6
22052,3
29068,7
4976,3
30017,5
34955,0
24421,7
36633,0
20362,4
2300,3
9066,5
17742,6
40116,0
6773,1
39805,4
15104,7
6588,7
6,7
19540,9
3174,6
28765,7
15674,4
39223,3
5233,5
7072,9
3038,4
34341,1
1134,8
34326,3
23202,5
6011,4
33602,7
31620,1
30460,1
41737,3
35613,7
18031,1
11492,9
32339,1
9782,1
19124,5
30825,3
37372,4
34412,1
10478,6
11265,4
19202,0
5540,2
8047,7
2308,3
35404,3
19476,1
24111,8
21759,4
20370,7
38495,5
30389,3
151,5
27072,7
8972,2
29171,5
35658,0
6007,4
31953,0
5661,7
24652,1
11398,7
3230,8
3383,0
17847,3
3039,7
37020,0
29899,6
23383,0
31433,0
20134,6
1717,7
25379,7
662,5
30735,8
13064,3
28583,8
27927,7
22923,8
34884,2
7030,7
34453,1
26358,7
31275,7
14711,0
27614,8
2491,1
9768,4
2268,7
10656,3
25074,7
15779,9
40527,2
17974,3
15613,2
38351,9
8560,7
18499,0
33583,9
21049,7
15821,8
2271,5
5402,3
17885,6
8351,0
5317,6
5697,2
3841,6
10659,6
11557,2
3578,5
29152,1
37923,7
22378,1
27089,9
33465,0
22662,8
13085,3
6928,3
2595,9
22192,7
39919,4
28295,9
3186,9
22540,3
6643,3
25160,1
8516,7
21928,6
20234,5
2293,7
36022,7
7275,0
22538,8
4391,2
14064,2
28488,1
24011,6
18405,1
241,2
6540,2
36746,5
21755,8
35282,5
6274,4
18810,4
7222,4
40890,2
15174,4
22308,0
31699,7
35455,2
10973,0
41093,8
1418,5
24124,3
14753,0
4451,1
4062,2
28449,9
33492,5
36536,9
6977,7
10539,9
21297,3
36328,7
1041,1
22038,6
15808,2
25166,1
29021,1
37803,5
30937,9
2663,1
19550,8
39248,1
38623,0
31978,1
13919,9
28941,1
37974,2
29576,8
15153,4
17863,6
40353,7
17391,0
10572,5
41433,2
27811,0
23301,4
659,6
19772,1
2019,2
35743,9
20053,7
28123,7
30660,7
21186,2
33881,3
6502,5
29791,0
39448,4
19745,4
16458,2
2379,4
34593,9
37930,4
5193,8
27506,0
6450,4
24764,2
34266,4
25854,7
21269,8
39801,8
24749,5
14095,2
23159,7
28049,3
28149,8
11266,0
2221,4
40562,6
32322,8
12308,2
6125,7
3299,0
31385,9
6492,9
17199,0
27944,9
36793,7
24751,2
8163,0
33645,5
9215,7
25865,7
5323,8
62,5
34473,6
8574,0
41096,0
20367,4
10702,3
36091,4
7104,3
11420,8
35128,2
9975,8
41713,6
9342,6
29184,0
14534,8
20067,0
24118,0
28055,0
385,5
13981,8
40091,9
13331,9
3528,7
38304,8
30213,7
15752,2
11852,8
1145,1
38913,5
21480,6
22490,1
39198,1
4182,0
31846,5
41362,6
14497,4
74,6
3952,1
21746,3
24718,3
9479,2
40751,4
32672,3
7131,7
22143,1
33643,8
12945,3
17525,0
28425,7
20879,7
28471,6
39056,8
40328,7
22630,7
21668,9
13915,0
38821,9
16327,5
25048,4
39378,8
10664,2
37500,9
13854,1
34612,5
28974,8
11345,9
30925,9
6155,0
32931,0
2077,0
17814,5
22642,2
28516,0
3387,9
31574,2
9370,5
32628,8
3046,7
28564,4
1646,9
39257,0
6585,1
7149,1
18399,9
28410,2
38501,1
39532,5
39227,2
40314,2
8325,6
38332,7
26132,2
20089,3
12407,6
32256,2
41817,8
4949,8
3787,5
21014,4
415,4
25572,6
31861,1
35473,4
21412,0
587,5
35995,2
6765,6
37282,0
20818,8
32820,9
16907,0
16468,4
3114,0
33969,1
26571,4
683,1
41419,4
5093,4
31146,1
37247,3
39842,8
40717,2
20671,3
22006,2
3076,5
30454,6
38197,4
21885,8
33987,2
12789,9
21400,5
527,1
36979,9
9920,2
17917,6
28829,6
31409,2
29862,3
6870,0
32179,3
5722,8
21226,4
10195,1
9857,8
15890,2
35689,1
9899,3
6944,4
32433,9
2124,4
8556,5
5962,7
16899,9
31503,2
9422,9
21696,5
17132,6
23319,6
9234,0
27029,6
2594,3
41409,4
11104,5
1566,7
25096,3
6798,9
25150,6
11627,9
30807,9
15446,9
7949,2
29240,8
12919,4
22999,8
4662,3
27723,0
7168,5
8135,4
17855,3
8204,3
10456,1
13904,7
4003,5
4937,2
9575,1
28401,1
25844,7
23099,4
25942,0
23022,3
23608,8
14211,4
24198,4
37589,0
41702,2
13266,7
12668,0
34952,1
38975,3
28406,0
26650,9
21180,2
834,2
31747,0
352,6
30697,8
6819,6
37481,7
40817,8
21225,7
26173,2
15834,2
41167,7
12032,6
3810,1
5692,8
15963,4
21577,7
17988,0
25156,5
26013,7
17619,6
37145,3
29642,9
14791,4
2642,9
1756,8
10945,0
22190,5
4178,9
29247,1
32237,6
33060,9
30005,4
37617,4
12503,7
39147,0
36070,1
12750,8
12212,0
3281,4
7503,5
7718,8
32361,6
30846,6
39432,1
32415,9
22865,6
15120,5
26404,7
11563,5
27875,5
28636,7
33942,8
36183,9
11158,0
22511,5
7809,5
2479,2
19153,7
37149,0
14784,0
17046,1
18850,2
26873,1
5338,5
34259,4
3102,9
6504,8
6692,9
33888,5
40248,7
33377,4
32095,7
24468,4
38799,2
21350,4
35230,6
8724,1
4034,4
11268,7
26363,6
8730,3
8837,0
41645,7
32408,9
12017,0
41598,6
33126,5
12258,5
13181,4
22903,4
1801,4
23368,9
6943,7
20458,0
41187,6
3470,6
40318,3
30656,1
34186,5
35584,7
35780,4
19713,6
29410,6
40378,0
23327,0
26137,7
36813,6
4447,7
32760,0
9783,0
5286,7
7107,9
12775,4
7568,3
23356,5
12194,4
21628,3
37450,8
9033,6
27209,6
37939,8
41291,4
17098,1
2574,3
23067,1
36287,5
20864,7
21521,4
26899,9
35204,8
1673,6
9255,9
34046,3
22821,0
36268,4
30895,0
5752,9
13576,6
34129,3
11460,1
37765,0
40555,3
11208,7
14001,4
4285,3
3198,0
28676,3
15421,3
39463,1
6784,3
6945,2
31624,8
16580,3
23989,8
10391,1
39027,7
26737,3
18090,2
5187,9
15927,5
6452,7
10520,1
30200,3
324,2
30646,3
23510,4
36973,1
5430,7
23244,9
22395,5
26090,1
23548,6
14986,5
34744,2
35484,6
17866,0
41184,1
21409,2
23404,4
4293,5
13118,4
6662,6
30356,9
20025,0
16030,1
28094,4
30839,7
6264,6
518,5
10390,6
3226,3
17147,9
4775,5
30874,3
36828,7
2388,0
32552,3
15474,1
36912,9
34492,3
35238,2
28462,8
3946,1
20973,5
37056,4
3335,7
9239,7
40774,8
2482,1
37680,0
2103,9
3403,9
7406,4
29333,3
22554,9
33849,9
13984,0
28384,0
30669,6
7920,4
12934,9
20330,5
40214,6
14323,3
27570,5
4752,4
10166,1
31572,4
27757,3
20225,7
8277,6
38279,0
38352,5
26205,0
6933,4
30878,6
13194,0
41384,6
39057,0
34969,8
22879,2
29970,6
14965,4
36765,4
32029,4
38331,7
11720,1
32100,1
4137,4
12736,2
5868,3
36059,1
20628,9
20239,3
16843,0
7994,5
2188,9
6038,4
23165,4
23031,4
15901,1
32225,5
30674,5
13386,9
33401,1
8886,6
2464,4
40199,6
9753,7
338,9
20339,7
15969,3
32590,1
3468,8
21986,9
15397,1
21022,8
21987,5
883,3
30974,2
40470,5
24119,5
32982,7
26051,6
10013,5
32005,7
30882,0
23393,1
26356,4
2826,7
38806,0
35787,1
14271,6
188,0
22432,0
39971,1
2007,2
20982,5
27820,7
1278,5
12148,4
36616,7
8732,9
2201,5
29656,0
41532,0
9141,9
14409,1
17714,3
37877,1
13403,9
20650,9
1400,2
30080,4
38408,2
31042,2
31033,6
33610,3
39186,3
35258,7
33514,0
23206,6
2782,6
37693,9
38314,7
41966,4
30270,8
18305,8
2299,6
19389,1
560,3
28888,4
1218,1
9470,5
10680,4
38345,8
31752,0
764,0
19120,9
11240,0
31939,9
2516,4
2567,3
8397,6
20610,7
32394,6
29347,0
20409,0
38424,7
41474,5
32012,7
14747,8
20223,6
5587,3
28455,9
23308,9
23176,4
30517,1
30014,5
5176,2
24154,6
23303,6
38291,8
28818,6
2087,0
19843,6
16211,3
24388,8
33426,6
32889,3
12714,3
26857,8
21584,2
5334,6
9677,8
37830,4
14472,0
15681,8
12473,2
36993,9
25578,1
3018,9
22711,2
19297,0
32247,0
558,9
27760,8
6804,4
13274,2
17983,1
36322,0
41885,2
40134,6
1575,9
4649,8
40290,1
40564,1
18413,3
6863,4
11509,9
8787,6
19902,8
3380,6
35563,1
26834,8
17884,4
31524,7
5530,7
38409,3
41429,8
10014,5
20621,8
26017,2
28183,2
34321,5
32172,4
8061,9
41774,0
760,8
33813,9
40079,3
24456,2
10718,7
5858,4
8942,1
35131,5
26568,4
20075,0
606,3
35486,0
36646,3
14570,1
36824,6
1741,2
27990,6
12187,1
26806,3
9747,0
29157,3
6366,1
16670,1
10582,4
41179,7
19951,9
3478,6
25857,9
22670,2
38433,1
34623,2
37165,5
452,7
8382,7
15351,1
25508,3
32999,7
39914,0
27464,0
1167,0
21382,2
41360,1
21552,9
26180,0
9512,6
9389,2
18472,3
13847,2
8551,3
40858,0
15640,9
21456,8
18043,5
35065,7
12759,7
15648,5
17782,7
37037,6
37263,8
19724,0
31183,2
18846,1
32414,0
16566,8
2508,7
4214,1
9960,1
424,1
33730,6
29145,7
25297,7
14944,8
28470,1
25880,7
39751,1
38482,8
5600,7
5054,0
33474,2
33289,1
15078,6
31464,8
12108,4
26219,6
40782,7
6763,7
39934,7
15636,7
10767,8
34189,0
23635,0
1783,1
7482,6
25119,6
14837,5
28528,5
23787,5
5500,1
1872,1
39239,0
30127,0
35141,1
16971,5
23242,4
34882,3
41508,0
35369,7
10454,1
4413,6
29322,9
7346,3
30089,8
22624,0
38792,1
7721,1
22299,0
41312,6
23882,5
15132,2
24434,3
31692,4
6626,6
8930,5
17508,2
23433,5
5114,7
32632,8
18049,0
9651,0
40565,4
10156,0
25004,5
39297,4
38952,1
4927,7
25612,8
20136,7
8115,6
2499,8
5183,6
2220,6
7757,7
15028,1
16444,8
23042,7
30212,7
3749,4
35898,2
21753,1
12468,1
5266,1
5396,3
8330,7
35519,2
12559,2
18618,7
34307,0
33156,9
22710,3
24051,9
2707,0
37353,6
34558,5
4088,9
12941,8
31879,2
17528,3
31303,2
18572,2
6663,3
32709,1
20775,0
14395,1
35309,1
41079,9
35707,1
40117,0
25219,3
30256,5
18726,4
33441,6
25442,7
27556,8
41279,6
24433,5
38380,9
10233,1
9155,5
30565,6
16357,7
33101,2
194,6
9284,3
6947,7
31729,5
17792,8
18938,0
1868,3
7745,6
27057,6
7022,2
11812,4
25777,6
12377,7
5670,1
31491,7
27493,5
24122,6
12905,2
39825,2
9051,3
25947,1
24823,7
37059,1
7703,5
39533,0
30347,8
19437,9
19642,6
11607,1
25828,5
12382,5
16770,1
8362,3
16956,8
4148,7
39265,1
8096,4
37130,7
19013,9
23488,5
5567,4
12962,6
32136,2
12444,9
11592,7
39440,6
15517,6
30959,5
29875,4
34118,5
39193,3
22810,4
7756,4
7187,8
20838,8
10645,6
27729,0
8000,8
24482,0
29512,2
11791,9
14113,7
36503,5
29444,7
8859,4
16235,2
5065,2
5145,7
30209,7
679,7
8222,5
18611,7
1691,3
21806,5
28815,0
15637,8
22476,4
41440,4
28950,4
39205,6
26451,6
23758,3
39169,0
12744,0
21383,2
40647,7
4783,0
40698,8
9217,7
15825,3
3254,5
39944,7
40292,1
32564,0
350,5
25565,0
25420,4
35849,0
2861,7
9393,5
27287,4
22055,7
28659,8
38565,6
5755,0
6460,8
5955,2
40246,7
13469,6
37183,5
9953,9
16349,6
35543,3
18822,2
23546,7
15357,6
14258,4
5133,5
14839,3
2931,6
23664,9
33891,1
7188,1
22285,7
34238,9
26321,6
15269,5
24014,1
15755,2
4589,1
27564,3
27082,0
24945,5
36719,9
31932,3
35628,7
6665,0
4608,0
5919,6
6666,2
13970,6
26770,6
12314,7
17530,2
10652,3
23091,1
16302,7
6716,2
22594,9
22669,0
18589,7
14794,7
21698,3
40286,9
10701,0
32137,1
20983,8
10840,1
675,0
23226,5
11108,7
4006,3
15646,9
9607,9
27415,4
11077,1
24665,9
9214,4
12545,6
24037,2
28472,5
24194,1
19985,1
30537,0
5524,6
41933,1
30025,2
16398,8
12101,7
16121,6
39963,0
18840,0
22021,9
1940,8
35734,3
41001,8
27330,4
11008,6
19644,6
4773,9
4857,3
24046,3
31325,9
13914,1
12565,5
40244,0
32504,5
6237,3
18995,3
16270,0
14802,5
1316,6
38511,3
22658,5
7697,9
17628,5
27449,6
8495,4
24234,2
22,2
13934,5
25756,3
2385,0
3772,7
40268,2
25289,2
4313,3
6397,9
24151,3
35350,9
31279,1
12409,9
37706,2
19647,0
37756,1
455,9
8124,7
5033,9
15991,8
1276,1
18960,3
34561,8
31193,1
15217,9
34991,8
30419,0
23355,4
2793,6
380,1
7413,9
12541,3
37316,3
28071,5
41919,8
31414,9
23947,3
3439,3
8229,2
1550,0
35176,1
24996,0
41456,0
31541,7
33654,3
21847,7
19233,1
28947,9
778,5
31370,1
32963,6
39700,3
6965,6
33290,2
22854,1
33220,2
30358,6
31076,8
27679,7
33196,0
14611,6
23085,3
8783,0
14449,1
3544,4
16703,4
14239,7
25533,3
34314,9
34151,8
31755,3
38979,2
23297,5
10209,9
27558,7
15152,6
13254,7
32750,0
41972,4
33970,4
17270,9
38095,5
1343,9
38793,7
21828,3
16537,4
23405,7
33581,5
29698,1
9282,0
1603,3
38648,0
39058,3
18445,5
40048,5
14880,0
28419,4
37688,8
5583,8
33679,1
21172,4
29978,2
4108,0
5437,8
9276,0
35869,2
1096,0
2623,9
32930,3
39732,5
16623,0
34727,4
21094,8
20829,5
18415,7
38683,4
6378,0
33783,8
27917,9
5166,7
30917,6
37046,3
32630,5
9807,5
33273,2
27761,7
19584,3
8210,0
38657,1
6188,1
28175,0
36606,8
30300,0
30596,0
15685,2
30157,7
10149,3
38134,0
4687,1
41960,1
29476,6
20762,9
12816,3
19282,6
7604,4
11121,0
22601,2
36908,6
28168,4
35102,8
3814,6
13734,2
8028,1
25840,3
29046,4
36408,6
34681,7
2118,6
33451,4
5539,6
19890,9
14675,8
23714,7
19600,4
2839,7
12297,6
23422,2
10160,4
13587,2
1737,8
38522,9
20765,5
23133,5
31286,6
24780,3
26683,0
13538,4
23615,3
25604,5
17174,6
25531,0
28641,2
15500,1
33841,8
8950,7
18691,0
15656,8
17072,9
16948,9
15606,1
12944,4
26106,7
21741,9
1108,9
27520,3
27791,2
16856,8
23197,9
7273,7
14295,4
30850,2
4173,5
39989,6
28980,0
10290,6
25672,3
1583,9
28871,3
13873,7
25770,3
14052,2
7683,5
8423,1
1273,3
31621,7
28495,9
28,9
20849,1
24076,5
13070,6
33743,4
27842,2
22226,1
21845,4
38347,4
11624,8
26843,8
14218,9
12191,7
34851,3
21345,7
15840,7
27077,7
8839,9
10008,5
22357,8
9945,7
6003,2
22492,7
32983,3
28628,5
14097,1
3127,4
20724,9
13307,2
11201,8
3622,9
14942,9
6559,0
17684,5
37227,3
10258,5
9154,8
11637,5
7444,1
8026,1
7597,9
26117,9
22573,9
33873,7
27503,0
36896,3
2669,1
19898,2
29963,2
35174,5
37790,2
7318,0
5379,9
36432,4
38573,7
30975,2
17461,5
2550,9
10711,6
5073,0
27359,2
17429,4
2442,9
5948,7
30093,3
39221,0
38722,2
13468,3
7282,1
8156,4
17967,4
37875,5
15813,1
35012,5
18396,8
13224,0
29438,8
38758,7
1668,4
35032,2
19933,5
40062,1
15473,7
34329,5
23520,8
37146,3
12771,8
22735,4
25081,7
31058,0
32733,8
38632,1
30323,1
30006,7
10214,5
5544,4
33143,5
25426,3
23076,6
27805,0
2393,4
1044,1
41672,8
33938,1
37078,8
41615,1
40575,9
11821,0
14999,6
19192,0
14487,8
40978,7
14443,9
21927,0
33096,3
38481,5
13201,8
19140,5
28293,2
29567,6
39573,8
722,0
17037,7
15361,0
38599,1
40412,3
5526,4
29855,3
17750,6
1560,9
40285,8
41156,0
14970,3
33233,6
9122,6
12713,9
14264,9
24933,1
25985,1
41437,0
23630,9
6541,7
35358,9
29521,1
39176,6
5512,9
30124,0
11216,0
40357,6
3503,3
18965,9
2862,6
20558,1
38536,5
18678,1
6175,4
40333,2
38426,8
15734,1
1908,1
27715,3
25636,4
22598,0
10641,7
34592,3
3353,3
21576,6
30238,1
21800,9
5653,7
3110,6
14868,9
2196,2
33487,6
40828,1
28827,2
17836,6
24396,4
22533,6
40754,3
11462,2
30990,3
12083,1
26751,0
11654,3
36099,7
24267,0
9252,6
37060,0
36849,1
2648,1
5572,5
25065,2
14334,9
32403,1
38097,5
38745,4
35247,8
10070,4
12876,6
10257,0
23461,6
24628,0
4024,6
22122,0
26138,6
9520,4
25494,1
11988,4
29896,7
8015,7
7288,5
11810,0
15663,4
11735,3
39370,1
29313,9
15811,1
10306,1
2298,4
34039,2
26198,7
22337,5
13721,8
83,9
19908,6
10457,3
39973,4
2411,3
35079,0
7277,7
19672,1
570,6
35083,6
34588,4
24384,9
14079,5
33353,5
33556,6
9488,7
19977,1
7064,6
11170,3
5061,5
13294,6
39962,7
7223,2
29125,4
13400,4
41021,5
25744,1
24684,8
1406,9
14749,5
24958,8
37942,5
15323,1
14038,2
33757,3
25516,7
27949,3
5639,2
12616,0
18616,7
12056,2
33747,0
4141,1
41010,8
12856,6
24599,4
29451,3
21042,3
3860,7
5105,5
6649,1
1641,1
1012,8
30583,1
8018,9
39029,5
6109,7
10636,9
4298,0
17107,5
3656,2
32387,3
13056,3
31131,0
7246,3
40267,8
12477,9
34618,3
7238,0
31085,1
2307,3
31593,0
22530,7
12025,3
18376,3
37253,9
41146,5
41898,0
38377,3
32441,1
7103,4
33275,4
6755,3
31323,5
15898,6
300,8
38627,4
36609,3
14013,1
23777,1
3344,6
21771,4
19593,2
31097,1
7148,8
17039,6
5809,5
19209,0
29018,7
38420,7
22129,9
30589,4
8703,5
13878,9
35559,3
21889,1
21283,9
4066,5
10115,8
23313,3
5911,2
21731,0
7341,4
5679,3
16765,2
40103,0
14056,2
20996,6
36171,7
34146,2
24428,2
22761,2
34521,4
13864,8
20538,1
335,1
35066,6
7070,2
16753,2
2079,1
37401,3
33219,2
5274,7
6828,6
23429,0
15410,9
1272,8
39346,7
4825,8
18511,4
34001,2
21009,5
39425,1
41299,8
37365,2
40326,3
2800,2
10030,5
2753,0
9185,8
36921,2
31570,7
29376,1
34125,9
10029,3
5709,6
37193,9
18202,8
34153,0
36872,2
5361,6
19891,7
11784,1
10960,6
32251,7
12119,7
30312,4
10406,2
19420,3
23204,1
41223,8
27331,6
12830,7
2249,5
22895,1
20749,6
21373,7
26551,3
27782,4
2511,4
14468,7
30499,8
21016,9
1888,1
9808,1
152,1
34262,5
30097,9
16994,5
31306,1
25138,7
2682,9
3941,1
36946,5
20721,4
12430,1
41734,7
16996,1
19945,7
4968,7
11229,0
10815,0
5599,6
28078,6
8226,0
16864,0
22223,1
6517,2
38620,9
27461,9
11803,7
1341,4
36241,4
13714,4
5309,6
26162,1
37900,2
28696,4
28356,5
38997,8
14135,2
9592,1
26143,1
9889,7
22214,2
13555,9
27011,6
40478,1
36754,6
18490,2
34421,4
9007,2
5336,6
18923,3
34789,4
3151,5
33296,4
21804,3
22027,2
27143,5
29497,8
5179,0
9055,5
545,2
11826,7
18762,7
41489,1
36486,4
35835,6
18755,1
21481,2
19622,6
28381,1
29535,5
8202,3
15365,0
2970,6
38586,9
26157,6
25513,3
28392,6
16600,2
33038,1
20845,3
23358,7
9750,3
8268,1
41564,5
2675,2
28012,7
7210,1
15049,1
2129,8
12360,1
21643,1
41070,7
2943,0
41271,0
2025,3
14592,9
38760,4
4827,6
20247,0
29463,4
31984,7
24089,8
41663,9
39547,2
4042,9
579,2
31753,9
22677,2
38805,3
33392,9
9439,1
26901,3
4953,1
16951,0
12199,4
4018,3
40368,4
10131,9
29786,4
25020,5
32666,2
21596,0
30221,6
2901,7
23829,8
26798,2
4336,9
26169,9
25271,2
25321,3
23767,7
14950,8
34161,3
31143,6
19942,4
27888,3
17291,8
13583,5
8748,3
5976,7
18873,2
31427,3
39085,6
9298,6
12860,9
33154,4
901,2
10371,0
37840,7
15219,4
28230,1
23591,8
24998,4
8009,9
17471,8
29300,7
16462,2
19649,2
2519,0
7191,7
39922,4
12401,0
37238,2
4390,0
24840,3
7486,4
29754,5
36836,9
39177,6
40886,5
6838,9
11882,4
36210,9
1759,9
6948,1
11434,5
34857,8
22858,6
28408,5
11199,1
15987,1
12709,4
17532,9
30234,9
19937,2
32660,8
21973,6
8280,6
24757,1
25407,3
7411,5
4014,0
14546,4
17358,3
21529,4
35320,4
8870,9
31239,2
38391,9
36348,5
28774,9
35975,3
16592,1
2966,7
629,8
19662,6
21906,5
32835,5
29328,1
41389,3
20976,1
16532,1
3345,8
26296,4
15224,0
26062,4
10459,2
7634,2
28330,1
32099,4
33954,8
38912,3
29595,6
21675,7
32941,0
26256,5
36275,2
9061,4
2976,2
36428,7
14991,2
7264,2
20114,2
7163,2
9260,4
12099,4
19392,2
31314,3
32668,0
26183,3
19206,6
22593,9
27254,3
12649,8
25051,6
12804,7
41902,2
41236,0
441,9
8951,2
31854,3
28377,0
5062,0
26859,4
13043,1
35572,2
41695,9
17220,8
31705,5
24835,9
7053,9
15235,0
27247,5
12828,6
38510,7
6217,1
12520,5
21178,6
28122,9
37493,0
806,9
828,0
41855,2
29502,1
4021,0
11771,6
7026,7
22801,3
15630,0
33526,3
21724,8
33262,6
4665,7
2179,3
32880,5
30100,8
33015,6
23087,4
40083,1
22518,7
4340,2
25435,0
11053,6
4637,2
36175,5
32316,9
21869,3
13221,0
16290,1
22049,8
8099,2
3913,4
38198,8
2407,5
3551,2
35183,0
34675,4
30462,1
25875,7
16446,7
22273,4
7031,4
13647,2
12291,3
26238,3
9332,2
4991,1
24068,7
8429,8
18998,8
16919,4
32208,7
26285,9
28397,1
9196,6
1711,9
2879,7
35270,2
38296,7
39915,7
8023,7
31078,8
4628,4
17883,3
37775,6
25705,9
13881,2
37831,3
17177,1
5109,8
5660,6
19323,3
37807,8
15124,0
36373,0
26056,6
6020,1
20717,8
18948,9
8755,7
15574,0
7817,9
345,5
28028,7
15225,7
24406,4
16800,7
3122,7
28112,8
15406,1
717,3
37151,2
2235,7
33115,9
7402,0
27237,1
16131,7
40166,3
3992,2
41572,2
38467,6
26871,2
33161,1
11456,9
28160,4
25371,0
1423,4
27698,6
40030,6
37197,4
24851,6
24697,2
38613,7
40229,4
33268,2
35006,0
24525,2
4964,3
36491,3
6770,1
20373,4
12940,1
10388,6
516,4
1572,1
18243,9
8562,0
30401,9
40009,9
27001,5
38022,3
1916,3
6255,7
41709,6
17719,1
27447,5
18475,2
21716,2
19364,9
35494,3
5617,3
26031,7
7791,4
14216,9
10369,7
38438,9
17830,4
32663,5
22685,7
13516,9
26993,2
37244,9
23251,0
30830,9
28686,2
1194,6
38731,0
30440,9
35289,1
376,4
28020,6
14908,1
19770,7
15931,5
25680,6
24423,7
34014,9
20556,3
9048,2
38696,3
7025,0
5841,2
18665,0
15160,6
40090,5
26101,8
3261,0
41140,9
6333,9
16176,6
14353,2
27613,2
37631,7
11046,2
20336,1
8056,7
29774,8
2571,2
32729,9
12182,3
28475,6
103,7
14394,6
26957,0
38977,2
17630,2
26815,9
28683,3
37294,3
18610,4
9939,7
24627,4
8107,0
26417,0
31653,8
24784,8
6518,9
27980,9
16883,5
3317,3
5488,0
36097,2
31304,1
18326,4
11898,6
21237,3
30932,8
29481,9
13171,5
7006,2
17083,7
15508,9
19616,6
24077,1
41570,4
18332,4
10196,6
28569,0
37488,3
24131,2
6919,2
6202,9
9896,6
34804,6
10189,1
17386,3
27510,2
7543,8
7405,1
34771,3
15695,2
7982,7
10279,7
38468,0
35910,1
10470,2
36326,2
5938,0
5899,6
34035,1
23696,1
32866,1
3119,7
35308,8
6052,7
16271,8
169,2
21897,2
34996,9
503,5
15371,0
22402,7
32228,8
1003,7
28305,0
21321,2
25054,9
24356,2
9068,9
41806,5
25434,6
28007,7
5536,3
11405,0
10777,5
934,6
39926,6
36600,3
18110,7
35701,3
19703,6
16660,9
20569,9
18285,7
14261,0
40447,4
34753,0
29752,7
5996,7
1089,2
14127,3
20319,4
11204,1
38222,8
26757,4
17621,7
9493,6
41838,4
38588,0
12530,4
181,3
8775,0
33497,1
9022,1
5723,7
30184,7
34011,2
27565,5
33306,4
25934,3
4237,9
24852,3
22620,7
4819,8
11962,6
8260,7
21839,9
5443,7
24281,4
5642,1
3217,4
12551,7
28586,4
38848,5
13871,9
9663,0
4630,1
20262,4
26954,0
9840,4
35341,2
10311,5
30836,6
40313,8
13504,9
41789,2
15930,9
39446,6
10913,4
2150,8
12068,3
5211,7
33457,9
7408,5
33673,2
11887,6
10998,1
26966,3
37008,2
15837,8
22239,8
5954,3
15649,9
37879,2
14200,6
33826,3
1281,0
31432,2
35264,4
11239,1
18950,6
5610,7
33111,8
24741,5
1753,9
23907,0
7366,2
5593,5
32352,4
1210,2
30052,7
5701,9
7537,2
7214,1
38313,5
7694,0
12488,4
34420,8
11269,0
30439,2
9172,0
41520,1
10614,9
7347,2
20567,0
30677,4
29193,3
30582,9
6671,5
25346,7
26020,4
22635,2
41197,4
41967,6
4506,5
23571,3
17612,8
9836,5
231,6
38987,3
37329,9
13244,2
35873,2
22004,2
17018,6
31035,7
8242,0
24865,4
36964,1
25815,9
29172,7
27259,2
23144,4
15720,4
9739,3
7349,6
40162,9
23541,5
15967,6
791,6
29357,2
41961,8
31721,8
39665,7
15311,4
16626,4
30542,0
23011,6
15867,7
28303,5
20626,5
26049,3
18389,1
26207,3
32966,1
24213,3
40835,7
10977,1
41526,5
24793,3
9259,7
30886,1
40003,7
23329,1
29142,1
2838,0
9542,5
40293,4
10435,8
22993,7
26400,3
39447,6
32131,1
11211,6
35909,3
28465,1
10905,2
23936,1
20522,5
36891,6
36136,6
14322,8
12757,3
1971,4
12908,1
32774,6
30924,6
4898,2
22169,9
8659,0
17645,1
2672,7
39745,4
2526,0
1432,6
209,1
17687,3
11123,4
37720,7
2834,9
22170,0
6601,6
30763,0
26803,3
16965,1
26670,6
24518,6
4070,8
18795,3
37982,5
21489,1
3243,9
17472,3
37955,4
28930,8
23086,1
22952,1
19839,5
22534,1
10798,9
17907,3
20692,4
240,2
34160,0
33850,4
38967,3
34974,1
16415,8
31781,7
28188,4
12892,1
27781,4
8463,0
30032,9
18968,7
37863,6
6718,1
39075,6
22160,1
10885,2
12763,9
11274,0
25385,1
25522,1
12550,4
22282,6
34147,6
13653,3
10190,1
36643,1
22723,4
31622,0
30355,9
34803,1
10763,5
25057,4
37554,9
38209,2
15305,5
35553,1
26212,4
8756,3
3991,1
23427,9
12414,2
29384,3
6974,7
3514,7
25349,4
6655,6
11290,2
33636,3
22102,1
3949,3
3682,8
34662,0
23124,5
13279,6
20786,3
29831,3
41778,6
12311,1
27265,3
33445,3
20190,0
21196,3
23521,9
40612,2
25509,6
26933,1
32833,8
4692,6
2518,9
40281,3
30153,1
37961,7
17589,2
25378,9
23331,7
28173,7
34519,9
34225,5
22913,3
41503,3
39683,3
38422,3
24492,2
23141,9
41234,4
9171,3
10134,6
18172,8
24966,9
5128,8
9443,2
36346,3
7837,8
4510,1
86,9
22159,7
31059,4
32037,5
10556,4
11392,3
34562,2
21488,6
33733,9
6257,1
19681,7
18848,5
22876,6
25507,7
40816,4
1416,3
2685,6
9812,6
38603,0
14943,2
6712,6
4098,6
27739,6
1834,5
26026,0
8470,3
17966,0
1687,6
38498,1
595,6
29646,7
23772,7
39125,9
37972,3
38518,4
38749,3
14451,6
31922,9
32082,0
37519,3
31751,3
33806,6
22917,8
41091,1
15077,7
8457,0
29330,9
26383,5
20160,7
27909,1
10282,0
25463,3
1475,1
11332,7
19484,1
914,9
40024,3
19322,9
16199,8
28574,1
3646,5
31376,6
12052,0
27185,1
32091,8
36694,5
22648,3
23016,7
26636,1
30260,1
4793,1
22191,6
34627,7
31220,7
14850,6
3714,2
7066,5
22577,1
21447,3
19359,7
5153,0
18409,8
32562,6
2158,8
22294,0
14788,6
17550,2
2392,4
41854,1
10489,0
17146,7
11277,7
22883,2
37639,9
9411,6
35544,3
17908,7
31992,9
23008,7
30057,5
3429,3
35120,3
35805,1
3721,2
21445,4
234,3
23017,1
28044,9
30513,1
14410,1
14480,7
36463,6
4551,0
26978,4
13962,1
5221,5
37055,3
28192,7
36489,9
23962,9
16146,2
5138,3
11144,1
23625,2
16201,2
2431,1
40761,7
22990,0
6471,2
30741,4
32834,8
7083,1
14710,3
36788,7
8376,8
505,6
29784,1
27890,9
20070,0
37427,5
41781,3
40018,1
32080,6
36800,4
23965,6
20979,0
16472,6
39101,1
26255,0
5820,3
29096,1
33478,0
27623,2
15253,9
15758,6
13319,0
38847,6
39975,7
20418,2
5269,5
38453,0
10789,6
14663,0
697,3
35838,8
22363,8
11928,8
39734,8
1617,0
19464,7
21410,5
33527,8
31565,1
33093,4
34582,8
28836,1
13416,4
28987,5
8455,2
10642,7
13039,7
821,2
3256,9
37723,8
39851,6
4840,4
17328,5
9210,1
30233,2
12128,7
21099,7
12312,1
35480,6
16366,7
12846,3
17201,9
9424,6
8636,2
16429,6
37210,6
41889,1
12906,1
36831,1
40802,1
10959,4
2006,0
21781,8
14091,7
5805,0
38636,9
36761,9
38658,5
21095,3
8187,1
3097,4
23711,7
39102,6
37377,8
37568,2
27472,4
18237,9
4393,3
12016,2
30649,6
40506,6
10017,0
3001,4
26300,1
24094,1
7199,0
11281,8
21482,6
41424,9
4527,0
26634,1
40022,0
41035,7
25467,5
3491,6
9647,3
3042,3
25293,1
23075,6
25877,4
1132,6
4947,1
16147,3
26430,2
12512,8
32571,0
38563,8
40407,8
9293,4
37331,9
22391,3
17960,2
23760,5
14822,4
33546,1
17766,3
4843,7
15986,4
22200,3
1331,2
6101,5
33640,0
36267,4
34572,8
11476,1
1180,3
15660,2
1466,5
12658,4
39947,0
37489,5
17824,9
17596,6
2146,8
38542,1
22051,4
26139,2
7307,6
18639,3
12785,0
34424,8
456,5
4732,9
37390,2
27335,2
37119,1
25971,4
41754,1
875,6
27907,4
41011,1
17513,4
24779,9
23337,7
6723,1
34310,6
33512,7
14742,8
39522,0
30820,2
20820,4
26701,9
29957,8
32636,0
10152,3
14237,9
13663,0
28484,6
6503,2
24575,2
19362,6
6912,1
32017,5
14414,1
4646,1
3390,9
11115,6
3876,2
16855,5
66,4
12848,8
29525,2
926,2
13223,7
15789,9
33562,9
32161,2
25979,6
18220,3
11827,3
14344,4
5404,4
28185,9
4244,2
651,5
19858,3
9206,8
27134,4
29878,5
1185,1
5331,2
24773,9
9634,0
37169,1
41310,2
14952,5
24184,9
27545,9
16324,9
2463,9
17989,3
33709,3
16932,9
25418,5
28848,2
40824,3
5024,2
14886,4
40941,2
17928,5
14830,3
4441,7
18322,6
9645,9
8878,5
11859,5
15395,5
21563,2
2869,6
10823,7
23830,8
14318,5
30610,1
2282,6
16939,4
25124,5
10618,8
6599,0
40434,7
25778,3
9884,6
25681,8
3535,4
16786,0
34282,5
10698,4
20798,3
29091,5
28710,4
5940,9
1229,6
19033,3
9905,1
17787,0
18035,0
38876,3
33742,7
3351,7
39067,0
39558,0
41280,0
27441,8
29654,8
41836,5
8937,5
17953,8
35168,1
2764,8
12724,2
6654,4
28171,7
28547,9
11026,9
18147,2
17442,7
26918,7
4348,6
40849,1
11665,2
22932,5
37872,7
16414,7
321,7
21883,8
40783,0
5877,1
36760,7
38164,0
30315,7
5739,3
4567,9
36284,2
8415,2
22227,7
3488,1
38487,2
24378,3
33726,2
26555,2
5517,6
11068,2
36774,8
29325,3
41311,2
11451,5
3594,0
8453,3
41929,8
35475,7
31640,7
29864,7
35130,2
6269,1
34784,1
14474,7
28036,7
8944,2
26483,3
9115,4
18450,2
24797,7
2191,8
18082,7
7529,8
39100,0
27267,2
19659,8
31691,5
24074,7
832,3
22519,9
40479,7
9736,8
15711,1
26561,6
15440,7
29164,4
19627,0
24700,3
22443,1
38341,4
30767,2
36665,1
27128,3
30018,3
8217,7
5386,1
15829,0
13976,7
7414,9
13859,6
4955,4
30395,9
18809,5
3413,2
2233,4
4431,8
19692,3
23676,4
1797,6
30053,3
15248,3
20383,8
14240,3
39322,4
38711,9
41397,5
7217,6
36132,1
23666,4
25453,4
17935,1
1925,2
33440,3
38366,2
34123,3
35218,4
21257,7
2208,3
3745,0
14544,4
2400,6
2612,0
5680,8
953,2
29298,9
507,2
8225,9
91,6
25766,0
33889,0
16353,0
8785,6
21598,9
11490,5
29400,3
37550,4
40140,0
32738,9
32541,9
30265,1
33480,6
5888,7
1025,8
7416,8
33520,3
3179,4
38191,1
3316,3
30931,5
37464,8
29487,2
36958,4
29565,0
37042,1
1057,2
1462,0
2374,8
28422,1
34257,3
2132,9
40747,5
17809,4
13080,9
31581,8
13794,1
14312,9
166,3
3062,9
21288,9
38896,4
22387,7
41330,9
11736,4
30529,2
302,2
17607,5
7950,8
18487,0
39030,9
21248,3
12826,1
15666,9
24286,5
35225,6
23353,8
41205,6
19675,4
38117,3
1734,9
33277,8
31444,8
23681,1
39591,0
37836,4
2749,7
6137,0
36953,0
18225,6
15427,1
4407,5
620,7
40101,1
28114,9
37413,3
26726,1
38846,6
22168,3
41715,8
30469,6
38479,6
29903,4
32714,5
22562,3
21592,9
22812,6
15799,5
6253,7
23683,2
8619,7
10568,5
38807,6
40192,2
20135,6
38902,3
15511,2
21947,1
12181,5
33477,3
21161,5
8868,9
19411,6
2283,1
16248,6
12479,0
38697,9
28285,2
35739,4
32216,8
10312,5
39032,4
9190,2
1066,3
21002,5
4475,0
7110,4
19956,9
19284,1
19366,1
13503,7
1821,5
427,5
15669,1
34990,7
6999,9
34103,5
31139,5
40681,8
26973,3
10932,3
10237,8
2377,3
19710,1
35650,5
16740,1
8198,8
23400,9
20076,7
31053,1
17977,3
30480,9
28369,5
10027,2
4549,2
9027,6
19572,2
40334,9
32468,3
21241,4
4410,4
22184,5
464,7
39316,3
25660,4
36349,2
18023,3
8327,9
11987,0
29740,5
1522,4
24989,6
29314,4
33702,8
18412,7
10943,7
40252,5
16071,7
36004,2
2808,5
10667,4
13517,1
41499,7
34805,3
40382,1
7221,4
19989,4
41579,0
30239,6
36353,4
14574,6
14298,2
8254,3
2275,8
11927,5
33839,1
1178,8
17647,0
31685,4
20219,5
24358,7
28213,9
23388,9
31539,9
41117,0
18315,9
24946,7
14780,9
30700,4
12260,0
14348,9
35281,8
39426,1
27971,2
35231,6
1973,3
9263,6
28124,2
22131,6
38715,6
38087,0
28081,7
14413,8
3984,1
41057,2
41625,2
18012,1
1351,8
26800,4
21439,2
4831,1
9285,3
27828,7
22884,8
31287,4
21087,0
35740,5
3986,3
40395,6
14370,2
36123,3
3925,6
23555,4
11320,2
22447,4
28320,8
397,2
39584,2
40064,9
26497,7
16284,8
36868,5
40209,0
18685,1
35685,1
14206,3
8321,0
12147,8
32986,3
2592,1
29434,2
21370,1
10109,8
8888,8
29617,9
14977,8
27098,6
29606,4
5435,3
10085,5
38564,0
23880,0
18626,7
25391,7
15411,5
37222,3
18282,0
17733,3
3438,9
13285,6
10440,7
38769,3
3763,1
40432,9
40551,6
8681,5
14229,2
7869,8
26141,0
4119,0
18538,8
18229,9
39995,0
40922,6
13566,1
15916,2
8708,0
8249,0
29762,1
23345,0
8184,6
11793,6
41501,1
17229,4
37389,2
9381,3
13776,9
29832,2
34608,1
571,5
12157,7
18977,5
37467,6
41876,0
39178,6
35299,7
24185,9
3526,8
19774,1
39583,5
16450,4
23222,0
22770,2
26663,2
18727,9
39779,2
33554,0
2091,2
33524,7
23276,6
33499,6
3599,0
41410,4
8240,8
24590,3
24755,8
31770,2
11258,8
5603,4
7919,8
31172,1
10749,2
41707,0
23984,9
23886,6
23637,3
28736,6
23351,0
16179,1
1728,8
28147,2
20508,1
34232,7
5101,8
40073,4
21537,9
41092,9
30321,5
22025,1
16958,2
17938,5
33574,7
16709,7
9079,3
27443,1
22365,3
836,6
34404,9
2257,4
21995,8
35468,6
7570,1
21618,2
747,1
25470,4
19543,5
24809,9
22157,6
31756,9
32678,7
37674,7
39904,2
33380,8
8612,0
40119,6
34476,5
21605,1
35990,0
27835,6
1467,5
28283,8
27586,8
37000,9
5782,7
41691,1
14501,8
32309,6
18053,6
13405,3
27528,4
7896,3
19721,8
9455,1
1589,3
11222,5
20790,6
38859,2
4302,0
11918,7
34013,5
32386,7
22368,3
5777,4
36144,1
1353,0
5077,0
22545,0
19563,5
37191,2
22020,9
25864,4
29749,7
21349,2
30944,9
29514,4
37655,0
10769,2
2486,5
15063,0
7167,0
28421,5
15503,3
13318,2
37671,9
3785,7
29174,5
36814,6
15907,0
22828,2
27172,4
21830,2
35564,5
17214,0
16095,4
6860,1
14973,1
14047,9
28418,1
18314,1
21323,0
40733,4
3007,1
19759,9
17536,5
1239,7
22508,4
32715,1
34688,3
30638,0
15866,9
18594,7
457,9
23153,6
37473,3
7397,0
28648,5
3155,3
29460,3
12465,2
13621,6
34469,2
24974,8
41172,6
24902,2
30269,6
36370,0
32224,0
35612,2
14017,7
11566,3
8709,1
3234,7
37594,4
33626,9
18470,6
32694,0
39958,4
34586,0
29852,4
35425,0
24176,7
15002,0
28309,5
39324,9
19974,7
35022,4
30910,0
276,0
31489,9
38552,5
1799,8
7957,6
19237,3
33716,5
27745,4
17024,2
1720,5
28148,6
1469,9
17307,3
36511,0
15241,6
37470,3
24310,6
734,3
8127,3
9524,9
16391,3
30225,5
5808,1
28857,1
18249,5
41346,1
643,2
41104,7
22680,8
11285,6
32890,2
11777,7
10423,1
21702,7
35747,2
37265,7
4232,9
23911,5
34436,0
1479,1
14647,3
27456,4
14845,7
34667,2
7614,6
39893,1
31187,5
31903,2
17819,7
14689,1
32165,6
12596,0
27501,5
32196,8
37182,1
31937,2
13426,6
14726,3
2351,6
8788,2
29466,0
12858,6
34228,1
29787,6
30599,4
29168,0
18905,6
15742,9
8641,5
29241,7
21617,2
21912,6
20394,1
20200,1
4800,8
32310,6
2840,9
41978,4
24386,1
5420,8
40259,8
6423,3
1460,7
30729,7
20785,4
13210,6
1770,0
12972,0
10793,1
10833,6
24231,3
5515,7
37239,0
5590,9
35889,3
2582,1
496,4
25417,8
27016,3
28387,2
10487,3
4301,3
15184,6
11536,3
35035,7
7574,0
15947,3
11846,6
14559,4
7038,8
11155,3
36838,3
34079,0
40863,7
28600,3
9606,1
30067,5
10097,4
33821,8
15601,8
22953,0
2415,9
24115,9
16925,2
38594,8
35627,7
36449,0
31529,7
11078,0
33034,2
1262,9
22679,6
17313,2
26204,4
252,6
40534,6
3431,3
3951,3
39858,7
392,3
40429,0
27068,6
35178,8
16789,6
23879,5
32257,0
1624,4
37893,9
39350,1
6475,9
4557,7
36214,7
38970,2
24165,5
32665,5
22817,1
15340,4
27504,7
37897,7
12811,0
28197,9
10025,1
35430,1
8153,6
1011,2
37404,2
10448,6
27678,5
580,5
355,2
8034,0
8207,3
35510,8
4191,7
16189,4
17749,2
25718,5
28596,5
10760,9
28208,0
30223,8
10673,9
35435,5
33509,1
35106,7
11247,2
3263,7
24269,4
29589,7
35852,6
26807,4
36663,9
13917,6
25238,2
10995,4
487,2
30964,1
14587,1
35322,4
40780,6
16760,6
3865,2
6775,3
35766,8
33761,6
5032,7
27121,8
7996,0
10364,6
40360,0
25087,3
23083,7
24904,0
15022,7
12455,9
11544,5
36203,7
25628,5
18814,7
29404,6
20430,8
394,3
795,0
4946,4
30847,0
15195,3
28577,8
41340,3
23596,0
23612,4
27221,0
16792,5
34800,7
25553,8
23682,4
4455,7
8335,8
16935,4
10544,9
40038,5
30971,8
37266,6
19727,9
25010,5
26893,0
31255,4
16069,0
28614,6
14166,9
8060,6
8175,0
18585,5
21201,0
10577,2
7017,3
26302,1
27542,5
37745,6
4404,8
19036,1
20082,2
16157,7
22195,7
3147,7
4152,2
38638,2
15083,1
19244,8
2427,0
9073,7
10146,0
27470,9
37661,8
23752,8
18008,1
10393,3
32813,2
26888,6
40803,7
7973,6
33042,2
39632,7
6297,4
13924,1
21764,8
1359,9
41907,5
15358,7
6732,2
20479,7
25164,7
5646,2
40712,9
37189,2
27832,2
9561,7
19301,8
34375,1
21740,4
22695,2
22381,8
24192,7
27754,2
6909,2
6465,9
30074,0
14499,4
6578,8
11358,2
11875,2
11427,7
33383,0
6364,4
12196,9
36723,8
513,2
18972,7
30293,7
3144,8
12501,4
21387,9
32487,6
37097,3
35865,2
35385,1
41368,6
5204,4
8001,6
9525,7
22030,5
7477,4
27941,4
12893,4
36262,3
33693,1
24799,7
17262,0
34027,3
4277,3
18165,0
36592,6
40339,1
32429,1
32014,8
23247,0
1238,7
9158,5
32120,9
21662,1
1915,4
28252,4
12480,0
34416,4
22650,1
10647,7
16635,4
34995,7
11243,3
36071,0
22521,5
4263,1
14708,2
8813,8
28037,1
6809,1
27370,4
16679,9
8380,6
10725,3
40771,3
37335,4
17375,3
25849,0
20023,4
10501,6
36613,6
18754,5
854,0
6562,7
838,1
18041,7
24426,6
2702,4
35654,4
11009,8
32608,0
40341,9
6970,3
26041,1
23737,3
8220,9
1307,9
3633,9
3905,8
10418,4
37861,7
4487,3
26728,2
8482,5
17527,2
39079,1
10956,8
10287,4
5094,6
8119,7
16795,6
4688,3
27499,9
37503,9
40431,7
212,3
35774,7
36094,5
37045,7
8166,3
23236,3
1630,6
41047,3
21015,1
7849,1
17707,4
30195,2
28554,1
14861,4
41844,4
34891,1
41581,1
17222,7
21164,6
13008,3
4669,5
2294,6
33569,9
31377,2
12450,4
15484,6
34932,9
13359,4
1247,9
14643,7
26171,4
16950,3
9619,4
2870,3
7676,5
33864,9
40837,0
15258,5
649,4
10592,2
4131,0
16519,5
30251,6
18095,8
12296,8
24237,8
19526,5
36062,9
40399,6
34090,0
1215,2
1169,4
18368,8
27775,1
23670,1
40306,8
24181,5
67,8
8319,6
39268,2
18168,9
20545,5
2810,1
2549,1
7796,2
6956,9
15372,5
20127,1
27284,8
24,2
4124,9
23713,1
13968,8
3423,1
18773,5
14715,1
3928,9
25988,2
30562,4
17979,5
24416,1
9907,7
15399,9
35074,3
39389,0
25824,7
40787,1
12289,8
21989,8
22415,1
38609,1
3182,8
39280,5
26754,1
999,4
18245,5
13247,5
16367,3
11651,0
27631,9
39146,0
1948,9
14724,4
37161,9
24821,6
5070,9
40553,0
30362,8
38926,2
1366,9
17569,2
1773,1
16731,7
3486,4
35846,8
9940,1
15008,1
9356,5
19504,9
29892,3
8231,4
33347,7
14143,5
5693,5
29598,6
5177,6
4520,6
9413,2
22118,6
4325,2
16439,7
9922,6
40512,0
9773,3
9362,0
14033,8
19500,3
8541,2
25929,0
32449,5
230,3
5407,4
27560,9
34154,0
5152,3
21036,3
20592,8
31661,1
15067,5
30137,0
35387,6
34498,5
36899,7
617,2
35741,9
21160,3
24472,7
16658,2
27605,4
35708,0
28478,7
35511,7
4176,6
28461,0
932,8
26730,4
4075,8
28695,7
38328,9
13458,9
2483,9
8679,5
14936,6
3318,7
40331,5
32026,8
19752,3
25667,7
15658,8
25870,0
14900,7
16017,3
11005,8
18230,4
799,0
390,4
25451,4
12656,8
6934,3
22181,8
22773,1
5745,9
32642,8
6102,6
41421,2
32885,8
1314,0
6576,1
20448,6
13140,9
17446,6
16081,4
5514,2
7880,7
41661,1
33753,3
12601,9
37979,1
27153,8
31001,5
24083,9
34387,9
26938,3
26963,6
9788,4
39012,7
38421,9
8343,5
18725,4
41237,8
2951,1
18546,0
31280,1
3740,0
725,2
5030,2
37495,1
19083,1
36318,5
28863,2
41337,8
1616,9
36599,6
21599,0
40540,8
13912,4
39380,3
31026,4
14529,1
4312,2
12485,8
34796,0
19555,0
27357,7
36955,1
21200,1
1657,8
19197,1
18559,1
98,0
30446,3
2552,3
38063,4
2206,1
11626,6
33825,9
34854,8
37309,1
29848,2
23935,3
34005,4
27864,3
34552,1
9374,1
31738,8
25890,8
24788,4
5812,9
787,6
8864,1
37462,1
32544,0
416,8
2125,5
3853,1
41529,3
35866,0
26242,3
38512,3
20891,2
40414,3
17571,0
5261,3
6224,1
39108,8
36792,2
22857,0
24100,5
24235,7
15290,7
2778,7
2051,6
13632,1
10755,3
26190,8
2305,7
41116,4
37678,9
37785,5
34696,6
27677,9
26027,6
1678,5
11830,3
24839,3
38840,2
3798,6
19823,6
6278,8
15300,9
20739,2
4076,1
7520,4
40181,3
15990,9
34967,7
25471,9
5212,4
27786,6
19733,9
24884,0
25994,9
10204,3
36278,2
2625,4
35184,3
2049,6
7342,1
37076,5
24049,2
11112,9
22414,0
7123,1
36242,1
21280,2
23720,4
15823,6
33972,5
8476,7
37811,3
917,4
12534,6
6199,6
39488,2
29588,7
41475,6
5831,3
39918,9
292,0
22062,4
12231,9
8729,3
3782,6
3515,5
41086,5
18627,4
10835,7
15494,2
26788,6
37925,8
13132,2
28726,8
8631,2
23840,4
7743,7
38041,8
33798,5
32087,1
21862,6
6118,0
11220,0
35768,7
8209,4
40178,5
8602,4
3393,4
6823,5
23852,1
6917,2
19158,9
35992,1
25412,7
18955,3
13658,2
3543,1
30351,3
8979,6
34464,0
32548,5
32512,9
18799,5
32466,2
13607,1
5916,3
13985,4
32669,6
12346,1
30191,1
23324,3
29894,6
1844,1
19954,7
39616,0
30359,2
26130,8
19546,6
7471,5
9526,2
16214,1
40903,0
24837,5
3140,4
28834,8
13639,3
13638,7
31671,4
31251,0
15412,9
22063,3
5528,1
30397,8
33083,8
36931,4
33299,7
39787,8
29057,1
65,3
4580,5
12334,4
3347,3
35269,0
32141,8
26534,4
28390,1
26078,9
7944,6
15654,2
2656,6
19230,7
17510,9
18042,6
19730,0
39197,5
30866,9
3897,1
7024,2
2202,2
666,7
1325,7
27006,6
30042,0
32602,4
20658,4
36259,1
39850,0
1480,4
31235,5
5019,3
654,7
17298,7
2018,3
39302,4
1878,3
34231,2
28473,5
16345,3
41943,4
34298,2
41018,9
27976,0
3539,1
41023,4
34647,7
13176,1
19806,9
9377,3
40748,9
33941,9
5321,5
22856,6
36701,3
11671,7
39916,1
14162,1
4149,7
24137,5
11737,4
12116,1
13839,3
5481,7
37922,2
17950,5
25474,6
6313,7
7569,7
24692,7
24733,0
7811,1
19259,2
34033,8
2515,2
41471,1
22775,7
20142,1
41998,6
29590,9
6866,9
11113,9
32635,0
7181,5
13036,8
34269,0
21655,7
18974,6
35166,8
34028,3
32045,7
17497,7
3972,9
27942,8
35782,0
22745,3
40113,6
20652,2
8575,1
7518,6
7158,1
33963,9
26734,5
17384,8
9805,1
35151,4
19395,0
28396,0
23834,1
15762,8
3078,9
6248,6
16993,2
34121,2
38699,9
28165,0
38038,0
22455,1
5762,8
24776,1
19983,8
25904,9
7631,7
24010,4
3738,9
35933,9
26324,7
27884,4
8656,8
15133,3
9314,1
25627,3
14651,8
14931,1
32819,5
26388,6
15722,2
32150,0
8213,5
17070,9
34745,6
7986,6
11667,6
17434,9
28813,2
36096,0
34443,0
3365,2
15251,9
2529,4
20809,1
33029,9
41620,7
3616,6
19827,6
26486,3
5890,3
34368,8
31197,1
37810,1
41191,2
3139,6
13435,9
29029,9
29343,6
22950,4
39121,8
780,3
35015,2
31145,9
2673,2
17226,5
3272,2
29553,7
384,9
40085,7
2032,8
29055,2
19920,2
32404,1
38321,0
3093,3
28105,2
27435,6
33098,1
22580,1
35582,8
15180,4
23658,8
3664,8
6249,8
28523,4
35853,0
31236,9
24054,0
27986,0
32858,1
29245,4
28640,7
21549,2
6135,5
22681,6
10280,1
34430,6
40544,6
19183,7
9529,6
1854,4
15562,3
22925,2
41061,8
3364,6
39023,0
26654,7
20182,8
17373,3
32700,1
30385,0
39739,1
29248,9
20087,1
36593,7
29555,3
4990,7
20047,9
17703,4
31531,0
21342,0
24719,7
13053,4
27772,6
4089,4
4685,1
37176,7
17120,9
15688,8
21183,2
20694,4
30305,8
9846,3
19931,1
40552,6
33600,0
10850,1
21569,7
7473,5
959,3
18525,6
33207,6
11480,2
8644,0
39243,2
12870,1
27756,9
22026,6
40421,6
40859,4
1444,9
24550,1
11844,0
24021,5
16034,9
28315,0
6969,8
8085,2
10990,0
15066,3
25390,0
19010,5
31530,9
23736,4
3368,1
32402,3
1700,4
5419,6
24521,7
18936,7
38622,4
769,2
31532,3
4202,1
16579,7
6664,3
8437,1
36738,5
38257,8
11378,0
30062,3
10957,1
18550,9
4605,9
16742,1
39353,3
7971,7
30991,1
36226,1
36675,5
15416,2
38021,0
27633,9
439,9
1985,5
16781,0
17028,6
7164,8
32713,1
26230,9
3852,4
36360,6
30240,8
17207,8
25189,3
19390,2
123,6
19932,3
10188,9
13825,1
2094,7
7838,7
35452,5
35143,2
7458,5
10483,0
23499,8
5496,5
24085,0
10000,0
34502,5
41347,1
36194,2
13733,3
11356,5
16926,0
1833,4
3706,2
20355,7
24116,5
23644,2
13900,8
37504,4
13420,3
30003,0
22083,8
26517,3
6730,9
38233,3
31332,8
30376,3
17129,5
30538,2
29269,6
1561,9
7353,2
14397,4
38379,1
1312,0
19201,2
449,8
18818,5
9943,9
41553,8
32708,1
2638,1
3286,5
34871,1
2403,5
4914,6
17763,5
30122,2
20059,9
15374,2
19495,4
24080,2
29435,0
3030,3
18349,6
41143,7
33444,9
13750,4
29986,3
31761,9
35886,6
11504,1
21040,4
18488,4
221,1
15900,2
35804,8
7542,1
35590,0
18312,0
20598,9
9608,8
14576,6
8704,2
24357,5
39237,1
18347,8
15059,6
25611,3
6768,3
14328,8
11673,4
34878,5
17927,7
32239,1
38615,5
29290,5
9366,1
29401,2
35858,3
8955,3
1035,2
6711,5
36122,7
3872,9
21850,9
17251,3
549,1
40744,5
15869,0
28654,0
30505,1
900,5
31068,4
15061,0
20009,6
40670,3
16311,0
10444,4
31944,4
9810,6
2670,6
12740,2
7224,2
32424,1
38319,2
28606,4
39854,7
36667,0
19060,5
12995,3
34116,9
6226,4
22591,2
38489,5
9866,6
24125,0
23995,7
29084,4
5297,1
12282,5
21372,2
31469,9
24478,9
38385,4
34788,6
11942,4
11742,5
4803,1
20526,5
2481,9
27624,7
27161,9
9002,6
3950,6
32052,9
35831,6
2908,0
25932,9
38898,9
20356,5
15292,0
34711,2
5469,5
33719,6
21150,6
24939,2
4701,9
9692,1
31687,6
38829,8
28969,1
41762,1
25450,3
38931,7
11969,3
36557,1
24232,7
37824,0
36777,8
35150,1
41803,3
16053,3
7577,0
631,9
38112,2
29126,5
41527,1
34042,8
14800,1
39863,8
22674,3
7701,7
11597,6
39786,1
12631,7
39658,7
4247,1
6946,5
22058,6
2180,7
15531,6
20293,0
32595,9
7491,5
10739,8
8984,1
35342,1
14341,9
7081,0
22430,8
24129,3
41628,1
14628,5
20987,7
23137,6
39274,7
31321,1
8214,5
7048,6
2302,3
21465,4
2704,7
23597,7
26588,6
32671,3
17736,9
41066,1
29015,4
20349,1
9699,1
8522,8
28752,2
19321,0
22802,5
26998,3
3603,9
28612,7
41196,2
25103,5
5950,2
32936,2
41148,6
38798,6
20104,4
23179,3
28911,2
7093,7
4782,6
38496,3
5053,3
17916,8
36812,7
20063,9
32277,6
37070,0
19074,0
32453,3
27987,9
19229,1
24418,8
26279,4
36365,6
243,5
16432,6
15897,4
35374,6
4820,7
15486,5
11833,7
16912,9
36331,0
23162,8
33618,5
8315,6
33631,8
15400,5
36387,5
18051,0
251,0
33364,7
7292,7
33382,7
28240,6
4977,6
9882,1
20400,5
3577,1
38289,6
6436,5
23778,6
6061,2
37794,4
35636,3
8398,4
4453,1
36612,3
9001,3
20429,8
14599,2
36388,5
2325,9
12167,1
14093,1
32330,6
37325,2
10828,8
30900,6
24804,2
28113,3
3137,2
40061,6
39568,5
15662,4
9869,7
2306,9
1352,5
11693,0
17148,8
408,7
36458,6
38900,0
1718,9
33066,5
25303,6
20421,4
4682,5
25214,5
12447,9
17085,9
32289,5
38818,0
26500,8
26811,1
22852,1
37520,6
30695,5
22509,1
3021,4
20980,7
32409,8
38088,2
27425,0
3779,7
16802,0
31186,4
26642,5
16944,3
948,2
36180,5
27812,1
26669,7
18566,4
16706,5
36784,6
31573,8
34668,1
26376,9
17915,8
9391,2
30335,8
7846,6
5167,1
15051,9
23654,7
12043,8
5264,9
9959,2
8549,9
34630,1
14506,1
28832,9
35443,1
4632,8
29370,7
6910,1
28072,8
916,3
37669,8
3273,8
18157,7
23599,2
23811,6
21760,7
34258,5
38039,6
6981,2
38169,1
9888,1
29829,2
19680,4
21754,7
3416,5
8569,1
11591,4
32459,8
37932,1
17372,9
38776,6
33059,6
6957,5
11658,9
21126,1
27301,5
5816,3
34743,7
6126,4
9052,4
38005,8
32959,8
3674,2
18197,4
34230,3
26168,4
29161,1
116,7
28026,9
36768,9
34684,5
2028,0
6122,8
25154,3
20852,9
1015,3
790,7
23278,7
41890,2
15012,7
25832,8
32598,6
25719,9
25410,4
23975,9
20732,0
40222,4
18459,1
34728,0
7360,1
39998,0
31618,0
13848,2
11340,9
13710,6
15189,2
4235,6
19383,0
2632,7
34239,5
36972,7
33650,7
16705,6
36168,3
30906,1
22640,5
30393,3
20752,7
20037,0
21073,2
36213,7
2534,5
28314,6
26174,8
25107,8
20002,2
22207,0
35988,2
35778,3
13998,5
7793,7
39575,2
26295,1
29508,0
25675,4
3024,8
24656,0
14814,4
4199,5
2330,5
26983,0
40827,5
3325,5
27208,0
25933,9
14148,1
33413,5
19042,3
21832,4
19515,8
28492,9
8723,6
37978,7
881,0
37180,5
26624,1
39852,8
41242,7
33746,4
21650,7
32991,2
22323,9
33959,1
40926,0
26341,5
17219,1
1298,2
25813,7
33998,7
27596,0
18025,5
40693,1
8621,6
31549,1
21621,3
33047,3
37885,4
16905,4
694,4
33997,2
15839,1
29117,8
24540,8
32246,5
16150,0
788,6
31512,2
39485,5
7916,0
7090,5
5348,5
28627,7
23859,9
34463,0
8698,3
2967,7
29415,5
29337,3
16981,6
27505,2
4902,3
27840,1
31629,7
23493,9
36033,5
24648,1
38333,3
35770,1
12370,4
30915,7
33472,1
10023,4
12890,4
14191,4
22491,9
28278,1
40096,3
20698,7
41746,5
1963,2
141,0
20576,1
36832,9
40669,3
37319,6
18743,5
18527,5
31720,8
21717,7
5036,3
10021,6
7575,7
22772,2
31039,8
18210,3
25018,3
39614,3
31003,1
17293,8
23986,3
9721,1
21918,3
10663,6
9933,8
30898,2
18932,2
33235,7
12319,4
21132,9
37120,6
24603,2
12141,5
16711,3
40130,4
28861,7
21007,1
32114,1
37965,1
21310,8
32126,7
33341,5
3710,3
36857,0
15245,7
25520,1
10799,6
18806,5
10707,2
25841,2
29299,5
41491,9
23895,5
24498,7
8802,7
21463,9
24815,2
3775,3
18494,4
9034,6
38634,1
5966,3
22709,9
30037,7
16246,7
11873,7
16516,1
1555,8
31089,2
22587,0
18378,0
25965,2
2930,8
38961,4
29696,0
23262,2
1183,3
34958,0
3165,0
281,1
37996,4
22825,3
23273,5
41862,1
7510,2
21579,2
33371,2
24508,5
14918,2
16435,3
5589,9
24450,5
226,7
1574,6
9932,5
31498,3
6964,9
12094,3
13486,6
24629,7
9983,1
18684,9
25838,6
32458,5
29945,5
3473,2
4923,8
37719,6
577,9
37268,0
34369,3
39319,7
19844,4
40687,0
33694,6
21348,1
7068,4
25472,0
9584,5
18354,6
30757,2
37784,5
11986,2
11541,9
6022,4
11707,9
7036,8
23501,3
12920,4
13114,3
25829,3
29782,9
22515,7
17431,6
18668,4
25712,6
13344,7
4788,7
9745,0
33863,9
21128,2
28084,1
35700,2
11122,9
31412,7
5210,8
12842,4
5390,7
38322,7
3833,7
9995,3
10758,5
1580,9
34737,4
11484,1
3811,2
34859,0
7771,0
31240,8
7660,3
26902,0
34569,7
17833,3
28773,4
23783,9
639,8
13357,7
36484,5
3947,3
24280,8
31941,8
24920,3
36321,7
36858,6
31174,1
2947,3
10779,4
17954,9
33766,9
6674,7
4349,5
3506,2
14296,6
30177,0
39516,1
35462,5
1324,3
23554,8
22610,9
36427,9
14233,5
15910,7
2819,9
18468,4
6184,2
6525,5
24079,5
3849,1
5119,2
19131,3
29685,0
15843,6
26930,0
13310,3
41758,5
5090,2
18689,6
35038,6
6573,9
29461,0
31105,9
19664,2
7420,9
1503,1
31036,0
29159,4
27238,2
16534,5
13778,0
11443,3
11770,9
13528,2
1304,4
4496,4
18393,3
17092,5
7935,9
2897,4
4526,2
16136,2
35190,2
27759,3
22012,6
28872,8
1049,5
2471,0
13106,1
40689,6
23003,2
20117,1
20194,4
12980,2
36191,5
4853,5
35058,3
11502,6
29984,0
30485,8
23731,5
2095,2
23871,9
5741,1
13667,2
29219,5
33925,6
39598,5
39017,3
39932,6
7841,1
36607,7
35216,4
11659,1
11129,3
7565,3
14976,4
30940,7
32242,1
12494,9
2569,2
13532,6
14547,5
13065,8
11064,7
23209,8
23982,6
24487,5
27711,0
19455,2
13354,4
10338,8
96,1
31196,3
36787,7
7670,8
14563,1
18227,3
37635,9
3183,2
48,7
17999,0
35657,1
11299,0
20951,8
19069,5
24062,4
29530,7
10409,5
5483,3
14959,3
31167,8
12632,7
13979,4
9926,1
30706,1
35792,7
7999,3
40986,5
41990,3
24044,6
41012,5
18115,7
38057,3
11739,6
11136,2
5265,1
12367,8
24006,8
41273,1
40455,0
11319,3
26864,3
34389,6
4043,5
37817,9
39652,0
37898,8
31263,2
30608,8
28349,7
14664,1
11553,5
3681,7
27989,8
16497,3
10005,6
5993,1
27798,2
25127,1
36650,0
40179,0
39957,1
40960,6
22498,7
19096,7
28011,1
31093,1
22167,6
18428,2
8637,6
29424,3
35762,2
18646,4
22206,8
25900,2
32356,6
14078,2
28580,8
5708,9
802,6
3394,3
26741,6
17200,2
34888,6
3665,8
1768,4
38415,5
14655,8
22320,6
10144,6
19975,0
39394,6
22824,2
2155,0
15820,6
29165,2
16180,8
24907,0
16744,0
4889,9
5988,3
22372,4
8185,4
17341,3
31800,2
5281,1
21490,3
13556,9
11452,7
8194,7
27442,0
26992,1
41870,0
12935,8
7562,7
17827,5
16035,6
6935,8
28615,3
27566,9
40354,2
31793,1
25239,6
21876,4
7493,4
644,7
15671,1
29228,7
6012,2
4522,0
16144,0
23518,2
17097,9
14173,7
37862,9
15094,6
3070,2
30881,2
33835,8
29825,8
15483,3
11194,5
27249,4
32605,6
16739,2
35354,3
2128,9
28572,7
31171,5
10281,1
17156,4
41039,3
3105,0
1190,8
16135,1
25866,9
26136,1
25464,6
11888,9
28879,1
28251,1
9759,2
21732,6
5118,9
36176,7
31015,1
1663,3
40111,9
41909,8
33132,2
22501,6
40927,0
19528,1
37567,3
41550,2
18022,5
10035,6
17239,3
1068,4
12491,5
9665,3
31468,1
35085,8
4818,3
36330,6
9666,8
38064,1
5029,7
16531,0
41478,8
16914,3
26040,2
33224,8
28362,4
34115,5
32741,7
38180,7
25131,1
2539,6
25808,3
24188,7
26030,2
5372,4
15921,7
18901,3
124,1
33222,2
25084,7
15558,1
33944,5
5188,5
34388,9
5364,4
19670,2
26328,1
22652,5
41864,3
32420,9
36762,1
19128,1
27173,2
19927,8
12209,3
9881,4
17022,8
36052,1
17746,1
2223,4
39636,0
40705,2
35632,8
24557,9
12223,5
13473,2
31896,0
36172,5
31246,3
5957,9
24457,5
990,6
11979,1
16281,2
13079,0
19493,3
16347,4
7456,3
21528,4
19079,7
7235,7
37496,5
11976,7
29518,0
162,5
10416,0
4449,9
20919,2
3977,8
41739,1
22176,9
12354,0
14000,6
10288,6
11589,1
10458,8
6753,5
24293,6
40609,9
667,4
9399,1
8815,2
28837,8
22266,1
39633,1
36927,4
38430,4
28767,5
23215,5
19929,6
35802,0
22138,5
32712,0
28742,1
30533,4
7840,7
4264,5
10756,5
12774,9
34108,8
3904,3
36728,7
1405,1
32870,0
18112,0
17802,5
1109,9
28619,2
17144,7
32817,7
34758,7
4714,3
19899,2
9802,4
17904,7
34084,1
14071,4
18813,8
20941,1
13049,3
9382,7
38929,4
40163,7
26560,0
1078,2
18680,9
6633,3
15070,6
26427,7
12255,5
7657,9
36263,3
14879,8
36531,0
8511,8
34065,8
5055,6
2912,1
33656,7
14235,6
15260,1
41005,1
27794,6
1240,6
2395,4
31679,7
41391,9
26617,2
12792,6
1251,7
11260,3
4951,6
39721,9
21346,1
38454,1
38750,0
6709,1
36883,5
10411,1
33877,5
25273,5
36669,8
5318,2
23189,9
28841,9
12863,1
34943,8
39454,1
11840,5
10604,4
17755,2
36617,1
1393,7
7508,0
22924,7
17651,1
19196,5
64,6
14321,5
12122,8
41490,8
499,9
26504,6
9333,3
14736,4
40472,6
10223,7
19720,2
36808,1
41415,2
40029,8
1412,4
15589,7
10988,5
1103,2
39092,9
33723,6
26536,4
3282,2
31862,9
21307,3
6352,5
34235,3
36271,2
21405,3
17288,1
28110,2
27855,0
698,1
21504,5
10469,2
36901,4
24052,7
26805,6
7478,9
5797,7
23865,8
15295,8
33189,7
39263,2
21131,4
12086,0
18410,0
3930,8
31664,6
29320,9
1554,3
17516,0
2020,1
13286,1
28711,5
1763,7
9385,5
25739,4
19044,2
1080,9
31889,4
25837,3
35242,7
17854,1
4286,4
21534,9
15826,0
40885,1
21799,3
3960,7
17475,6
554,9
41522,0
18181,0
278,2
13464,1
1954,3
41611,1
25196,0
6536,6
24860,1
10155,0
30948,5
15525,7
30650,7
30801,2
29559,1
20141,1
54,0
29880,0
11925,0
40614,8
37552,6
11813,4
26463,3
18557,5
22831,0
32640,9
40349,4
11161,0
22388,5
11804,4
28335,7
20668,4
38538,2
37709,6
26820,4
3071,4
2099,1
12159,0
14684,7
26116,3
26935,9
23464,9
35078,6
36745,6
30285,9
18020,2
26193,2
26564,7
27420,2
